,year,transmission,price,mileage,desc
0,2021,Automatic,"PHP 598,000","0-10,000 km",2021 Toyota Vios 1.3xle very fresh must see Auto
1,2021,Automatic,"PHP 579,000","10,001-20,000 km",2021 Toyota Vios 1.3 XLE AT Automatic Gas Auto
2,2021,Automatic,"PHP 680,000","10,001-20,000 km",Toyota Vios 1.3 XLE Auto
3,2021,Automatic,"PHP 628,000","0-10,000 km",2021 Toyota Vios 1.3 XLE CVT Automatic Blackish Red Auto
4,2020,Automatic,"PHP 698,000","10,001-20,000 km",2020 Toyota Vios 1.5 G CVT AT 2020 Toyota Vios 1.5 G CVT AT
5,2020,Manual,"PHP 548,000","10,001-20,000 km",2020 Toyota Vios 1.3 XLE Manual Alumina Jade Green Manual
6,2016,Manual,"PHP 350,000","0-10,000 km",Toyota Vios 1.5 g a/t Manual
7,2016,Manual,"PHP 320,000","190,001-200,000 km",Toyota Vios 1.5 J (M)
8,2022,Automatic,"PHP 658,000","0-10,000 km",2022 Toyota Vios 1.3 XLE CVT Automatic Red Mica Metallic Auto
9,2022,Manual,"PHP 658,000","0-10,000 km",2022 Toyota Vios 1.3 XLE Manual Blackish Red Sedan Manual
10,2022,Automatic,"PHP 655,000","10,001-20,000 km",Toyota Vios XLE Auto
11,2020,Automatic,"PHP 688,000","10,001-20,000 km",2020 Toyota Vios G Push Start Auto
12,2017,Automatic,"PHP 530,000","20,001-30,000 km",Toyota Vios 2017 1.5 G Auto
13,2022,Automatic,"PHP 700,000","10,001-20,000 km",Toyota Vios XLE 1.3 CVT Auto
14,2019,Automatic,"PHP 638,000","20,001-30,000 km",2019 TOYOTA VIOS G 1.5L A/T Auto
15,2016,Manual,"PHP 349,999","80,001-90,000 km",Toyota Vios J 1.3 Manual
16,2017,Automatic,"PHP 447,000","20,001-30,000 km",toyota vios e Auto
17,2016,Manual,"PHP 388,000","40,001-50,000 km",TOYOTA VIOS 2016 Manual
18,2018,Automatic,"PHP 498,000","50,001-60,000 km",2018 Toyota Vios 1.3L E AT Auto
19,2018,Automatic,"PHP 528,000","20,001-30,000 km",2018 Toyota Vios E Auto
20,2019,Automatic,"PHP 638,000","0-10,000 km",2019 Toyota Vios 1.5 G PRIME Pearl White SE Auto
21,2022,Automatic,"PHP 648,000","0-10,000 km",2022 Toyota Vios 1.3 XLE CVT Automatic Black Metallic Auto
22,2022,Automatic,"PHP 658,000","0-10,000 km",Toyota Vios 1.3 XLE CVT Auto
23,2019,Manual,"PHP 418,000","40,001-50,000 km",Toyota Vios 1.3E Manual
24,2022,Automatic,"PHP 648,000","0-10,000 km",2022 Toyota Vios 1.3 XLE CVT Automatic Black Ed Auto
25,2019,Automatic,"PHP 638,000","10,001-20,000 km",2019 Toyota Vios 1.5 G PRIME Automatic Pearl White Auto
26,2013,Manual,"PHP 319,000","60,001-70,000 km",Toyota vios 1.3g manual tv/dvd mags loaded very fresh Manual
27,2013,Manual,"PHP 359,000","40,001-50,000 km",2013 Toyota Vios 1.3g manual gas class A very fresh fuel efficient best buy
28,2017,Manual,"PHP 385,000","70,001-80,000 km",Cheapest Sale! 2017 Toyota Vios 1.3 E Manual Silver Manual
29,2020,Automatic,"PHP 600,000","10,001-20,000 km",Toyota Vios 1.5 E LX (A)
30,2022,Manual,"PHP 658,000","0-10,000 km",2022 Toyota Vios 1.3 XLE Manual Blackish Red Manual
31,2021,Automatic,"PHP 598,000","10,001-20,000 km",2021 Toyota Vios XE Auto
32,2021,Automatic,"PHP 618,000","10,001-20,000 km",2021 Toyota Vios XLE Auto
33,2022,Automatic,"PHP 648,000","0-10,000 km",2022 Toyota Vios 1.3 XLE CVT Automatic Red Mica Ed Auto
34,2021,Automatic,"PHP 568,000","0-10,000 km",2021 Toyota Vios 1.3 XE CVT Automatic Alumina Jade Green Auto
35,2007,Manual,"PHP 258,000","70,001-80,000 km",2007 Toyota Vios 1.3e MT Manual
36,2016,Automatic,"PHP 440,000","10,001-20,000 km",Toyota Vios 1.5 E (A)
37,2015,Automatic,"PHP 425,000","90,001-100,000 km",Toyota Vios 1.5 G (A)
38,2010,Manual,"PHP 250,000","80,001-90,000 km",Toyota Vios Manual
39,2019,Manual,"PHP 490,000","10,001-20,000 km",Toyota Vios 1.5 G (M)
40,2014,Automatic,"PHP 400,000","90,001-100,000 km",Toyota Vios 1.5 G (A)
41,2016,Manual,"PHP 385,000","50,001-60,000 km",Toyota Vios 1.5 E (M)
42,2013,Manual,"PHP 330,000","80,001-90,000 km",2013 Toyota Vios 1.3G Manual Gray Gasoline Manual
43,2013,Manual,"PHP 318,000","80,001-90,000 km",2013 Toyota Vios 1.3 J Manual
44,2017,Automatic,"PHP 495,000","0-10,000 km",Toyota Vios 1.5 E (A)
45,2019,Manual,"PHP 495,000","0-10,000 km",Toyota Vios 1.5 E (M)
46,2016,Manual,"PHP 349,000","50,001-60,000 km",Toyota Vios 1.5 J (M)
47,2013,Manual,"PHP 318,000","50,001-60,000 km",Toyota Vios 1.5 G (M)
48,2014,Automatic,"PHP 380,000","50,001-60,000 km",Toyota Vios 1.3 E Auto
49,2012,Manual,"PHP 360,000","100,001-120,000 km",Toyota Vios 1.5 E (M)
50,2008,Manual,"PHP 268,000","140,001-150,000 km",Toyota Vios 1.5 E (M)
51,2018,Automatic,"PHP 465,000","30,001-40,000 km",Toyota Vios 1.3 E Auto
52,2017,Manual,"PHP 380,000","70,001-80,000 km",Toyota Vios 1.5 E (M)
53,2018,Automatic,"PHP 500,000","30,001-40,000 km",Toyota Vios 1.3E Auto
54,2019,Manual,"PHP 475,000","10,001-20,000 km",Toyota Vios 1.5 E (M)
55,2016,Manual,"PHP 398,000","40,001-50,000 km",2016 Toyota Vios E Manual Manual
56,2010,Automatic,"PHP 275,000","100,001-120,000 km",Toyota Vios 1.3 e Auto
57,0,Automatic,"PHP 100,000","70,001-80,000 km",Toyota Vios 1.5 G (A)
58,2017,Automatic,"PHP 450,000","20,001-30,000 km","Toyota Vios Variant E, 1.3 CVT 2017 Auto"
59,2020,Manual,"PHP 538,000","20,001-30,000 km",2020 Vios 1.3XLE Toyota Manual Jade Green Gasoline Manual
60,2019,Manual,"PHP 134,000","10,001-20,000 km",2019 Toyota Vios 1.3J Financing Ok Manual
61,2016,Automatic,"PHP 420,000","60,001-70,000 km",Toyota Vios 1.3 E Auto
62,2013,Manual,"PHP 280,000","190,001-200,000 km",Toyota Vios 1.3G Manual
63,2019,Automatic,"PHP 550,000","30,001-40,000 km",Toyota Vios E Prime Auto
64,2017,Manual,"PHP 368,000","70,001-80,000 km",2017 TOYOTA VIOS BASE J MANUAL GAS DUAL VVTI NA! FINANCING LOW DOWN! NOT 2015 2016 2018 2019 Manual
65,2018,Automatic,"PHP 478,000","30,001-40,000 km",Toyota Vios 1.3 E Auto
66,2018,Automatic,"PHP 498,000","20,001-30,000 km",2018 Toyota Vios E Auto
67,2013,Automatic,"PHP 317,500","60,001-70,000 km",Toyota Vios 1.3 g Auto
68,2017,Manual,"PHP 428,000","50,001-60,000 km",Toyota Vios 1.3 E Manual
69,2017,Manual,"PHP 399,000","50,001-60,000 km",Toyota Vios E Manual
70,2019,Manual,"PHP 140,000","10,001-20,000 km",2019 Toyota Vios 1.3E Manual Silver Manual
71,2015,Automatic,"PHP 458,000","70,001-80,000 km",Toyota Vios 1.5 E (A)
72,2012,Manual,"PHP 360,000","30,001-40,000 km",Toyota Vios J Manual
73,2021,Automatic,"PHP 648,000","10,001-20,000 km",Toyota Vios 1.3 CVT Auto
74,2007,Automatic,"PHP 238,000","0-10,000 km",Toyota Vios G 2007 Auto
75,2022,Manual,"PHP 110,000","0-10,000 km",2022 Toyota Vios 1.3XLE Grayish Blue Financing Ok Manual
76,2018,Manual,"PHP 400,000","30,001-40,000 km",Toyota Vios 1.5 E (M)
77,2016,Manual,"PHP 342,000","20,001-30,000 km",2016 toyota vios 1.3 E BLACK Manual
78,2013,Manual,"PHP 338,000","120,001-130,000 km",Toyota Vios 1.3 G Manual
79,2021,Manual,"PHP 490,000","0-10,000 km",Toyota Vios 1.3 J Manual
80,2018,Manual,"PHP 495,000","0-10,000 km",Toyota Vios Sedan Manual
81,2014,Automatic,"PHP 389,999","40,001-50,000 km",Toyota Vios 1.3E Auto
82,2017,Manual,"PHP 428,000","50,001-60,000 km",Toyota Vios 1.3 E Manual
83,2013,Manual,"PHP 358,000","80,001-90,000 km",2013 Toyota Vios 1.3 E Manual
84,2018,Manual,"PHP 495,000","0-10,000 km",Toyota Vios sedan Manual
85,2008,Manual,"PHP 298,000","80,001-90,000 km",Toyota Vios 1.5 E (M)
86,2021,Automatic,"PHP 590,000","10,001-20,000 km",Toyota Vios Toyota Vios XLE Auto
87,2020,Manual,"PHP 588,000","0-10,000 km",Toyota Vios Sedan Manual
88,2016,Manual,"PHP 380,000","40,001-50,000 km",Toyota Vios 1.3 Manual
89,2017,Automatic,"PHP 428,000","20,001-30,000 km",2017 Toyota vios 1.3E silver Auto
90,2019,Manual,"PHP 468,000","10,001-20,000 km",2019 Toyota Vios 1.3J Manual All Power Jade Green Financing Ok Manual
91,2015,Automatic,"PHP 458,000","70,001-80,000 km",Toyota Vios 1.3 E Auto
92,2022,Automatic,"PHP 569,000","10,001-20,000 km",2022s Toyota Vios 1.3XE AT Automatic Gas Auto
93,2018,Manual,"PHP 360,000","60,001-70,000 km",Toyota Vios 1.3J Manual
94,2019,Manual,"PHP 468,000","10,001-20,000 km",2019 Toyota Vios 1.3J Jade Green Manual All power Manual
95,2022,Automatic,"PHP 658,000","0-10,000 km",2022 Toyota Vios 1.3XLE CVT Automatic Blackish Red Auto
96,2019,Automatic,"PHP 610,000","10,001-20,000 km",2019 toyota vios 1.5 G prime Auto
97,2022,Automatic,"PHP 538,000","10,001-20,000 km",Toyota Vios 1.3XLE Automatic Auto
98,2021,Automatic,"PHP 628,000","10,001-20,000 km",Toyota Vios 1.3 XLE AUTOMATIC Auto
99,2021,Automatic,"PHP 668,000","20,001-30,000 km",2021 Toyota Vios 1.3 XLE CVT 2021 Toyota Vios 1.3 XLE CVT
100,2022,Automatic,"PHP 639,000","0-10,000 km",2022 Toyota vios 1.3 xle cvt Auto
101,2010,Manual,"PHP 235,000","50,001-60,000 km",2010 TOYOTA VIOS ‚ÄúJ‚Äù ALL POWER - MANUAL TRANSMISSION - ORIGINAL LOW MILEAGE Manual
102,2018,Automatic,"PHP 518,000","40,001-50,000 km",Toyota Vios 1.3 E Auto
103,2022,Automatic,"PHP 658,000","0-10,000 km",2022 Toyota Vios 1.3XLE Automatic Blackish Red Financing Ok Auto
104,2022,Automatic,"PHP 658,000","0-10,000 km",2022 Toyota Vios 1.3XLE Automatic Red Financing Ok Auto
105,2022,Automatic,"PHP 658,000","0-10,000 km",Toyota Vios 1.3XLE Automatic Auto
106,2019,Automatic,"PHP 648,000","10,001-20,000 km",2019 TOYOTA VIOS G PRIME Auto
107,2014,Manual,"PHP 245,000","0-10,000 km",Toyota vios vios Manual
108,2019,Automatic,"PHP 525,000","20,001-30,000 km",Toyota Vios 1.5 E (A)
109,2021,Manual,"PHP 635,000","10,001-20,000 km",Toyota Vios XLE Manual
110,2018,Manual,"PHP 488,000","20,001-30,000 km",Toyota Vios 1.3 E Manual
111,2022,Automatic,"PHP 638,000","0-10,000 km",2022 Toyota vios 1.3 xle cvt Auto
112,2021,Automatic,"PHP 688,000","10,001-20,000 km",üî•üî•SALE!!!üî•üî•2021 Toyota Vios 1.3 XLE cvt A/t Auto
113,2021,Automatic,"PHP 648,000","10,001-20,000 km",Toyota Vios XLE 1.3 CVT Auto
114,2022,Manual,"PHP 633,000","0-10,000 km",2022 toyota vios 1.3 xle Manual
115,2021,Automatic,"PHP 648,000","10,001-20,000 km",Toyota Vios 1.3 Auto
116,2021,Automatic,"PHP 608,000","0-10,000 km",2021 Toyota vios 1.3 xle cvt Auto
117,2020,Automatic,"PHP 548,000","10,001-20,000 km",2020 Toyota vios 1.3 xle cvt Auto
118,2020,Automatic,"PHP 535,000","30,001-40,000 km",Toyota Vios Vios 1.3XLE Auto
119,2022,Automatic,"PHP 668,000","0-10,000 km",2022 Toyota Vios 1.3 XLE CVT Automatic Red Mica Metallic Auto
120,2015,Manual,"PHP 360,000","60,001-70,000 km",Toyota Vios J Manual
121,2005,Automatic,"PHP 247,000","120,001-130,000 km",2005 Toyota Vios 1.5g color Beige Auto
122,2015,Automatic,"PHP 458,000","70,001-80,000 km",Toyota Vios 1.3 E Auto
123,2007,Manual,"PHP 210,000","100,001-120,000 km",Toyota Vios 1.3J Manual
124,2018,Automatic,"PHP 570,000","10,001-20,000 km",Toyota Vios 1.5 E (A)
125,2013,Manual,"PHP 350,000","100,001-120,000 km",Toyota Vios 1.5 G (M)
126,2011,Automatic,"PHP 268,000","40,001-50,000 km",Vehicles Pawnshop Buyer Manila - Car SUV Pick Up Toyota Honda BMW Mitsubishi Benz Ford Hyundai
127,2021,Automatic,"PHP 625,000","10,001-20,000 km",2021 Toyota Vios XLE Matic at ONEWAY CARS Auto
128,2015,Manual,"PHP 280,000","60,001-70,000 km",Toyota Vios 1.3 J Manual
129,2008,Manual,"PHP 298,000","80,001-90,000 km",Toyota Vios 1.5 E (M)
130,2015,Automatic,"PHP 458,000","70,001-80,000 km",Toyota Vios E Auto
131,2013,Manual,"PHP 290,000","70,001-80,000 km",Toyota Vios vios 1.3 Manual
132,2011,Automatic,"PHP 318,000","80,001-90,000 km",Toyota Vios 1.3 E vvti 2011 automatic gasoline at 2012 2010 g j 1.5 Auto
133,2017,Manual,"PHP 430,000","30,001-40,000 km",Toyota Vios 1.3 Manual
134,2017,Automatic,"PHP 530,000","30,001-40,000 km",Toyota Vios 2017 1.5 G Auto
135,2016,Manual,"PHP 390,000","30,001-40,000 km",Toyota Vios 1.3L Manual
136,2020,Manual,"PHP 528,000","0-10,000 km",2020 Toyota vios 1.3 XLE CVT Manual
137,2019,Manual,"PHP 367,000","0-10,000 km",9T KMS Only! 2019 Chevrolet Sail 1.3L M/T vs Civic Honda Toyota Altis Vios Raize City Accent Brio Amaze Ciaz Ford Fiesta Suzuki Swift Nissan Almera Wigo Hyundai Reina Avanza Seltos Soluto Eon Lancer Mazda 2 3 Elantra Rio Picanto Mitsubishi G4 Mirage Yaris Dzire 2017 2018 2016 2015 2014 2013 2012 2011 2021 2022 2019 Manual
138,2020,Manual,"PHP 356,000","0-10,000 km",5T KMS Only! 2020 Suzuki Dzire 1.2L M/T vs Civic Honda Toyota Altis Vios City Accent Brio Amaze Ciaz Ford Fiesta Suzuki Swift Nissan Almera Wigo Hyundai Reina Avanza Seltos Soluto Eon Lancer Mazda 2 3 Elantra Rio Picanto Mitsubishi G4 Mirage Yaris Sail 2017 2018 2016 2015 2014 2013 2021 2022 2019 Manual
139,2008,Manual,"PHP 250,000","130,001-140,000 km",Toyota Vios 1.3 Manual
140,2017,Automatic,"PHP 500,000","70,001-80,000 km",Toyota Vios 1.5 G (A)
141,2022,Automatic,"PHP 648,000","0-10,000 km",2022 Toyota vios 1.3 XLE CVT Auto
142,2014,Manual,"PHP 309,000","90,001-100,000 km",Toyota Vios 1.5 E (M)
143,2017,Automatic,"PHP 429,000","40,001-50,000 km",Toyota Vios Toyota Vios 2017 Black A/T 1.3 E Auto
144,2016,Manual,"PHP 300,000","50,001-60,000 km",Toyota Vios J Manual
145,2018,Manual,"PHP 350,000","50,001-60,000 km",Toyota Vios E Manual
146,2021,Automatic,"PHP 648,000","20,001-30,000 km",Toyota Vios XLE 1.3 Auto
147,2019,Manual,"PHP 385,000","60,001-70,000 km",Toyota Vios 1.3 J Manual
148,2012,Manual,"PHP 295,000","60,001-70,000 km",Toyota Vios 1.3 E MT Manual
149,2021,Automatic,"PHP 520,000","0-10,000 km",Toyota Vios XE Sedan Auto
150,2004,Manual,"PHP 215,000","120,001-130,000 km",Toyota Vios 1.5 E (M)
151,2015,Manual,"PHP 280,000","60,001-70,000 km",Toyota Vios 1.3 J Manual
152,2015,Automatic,"PHP 400,000","90,001-100,000 km",Toyota Vios 1.5 E (A)
153,2021,Automatic,"PHP 610,000","20,001-30,000 km",Toyota Vios XLE 1.3 Auto
154,2016,Automatic,"PHP 380,000","30,001-40,000 km",Toyota Vios E Auto
155,2022,Automatic,"PHP 658,000","0-10,000 km",2022 Toyota Vios 1.3xle like new must see Auto
156,2022,Automatic,"PHP 658,000","0-10,000 km",2022 Toyota Vios 1.3xle 3tkm like new must see Auto
157,2014,Automatic,"PHP 448,000","20,001-30,000 km",Toyota Vios 1.3E Auto
158,2018,Automatic,"PHP 420,000","40,001-50,000 km",Toyota Vios 1.5 E (A)
159,2014,Manual,"PHP 314,888","40,001-50,000 km",Toyota Vios 1.5 J LX Manual
160,2016,Automatic,"PHP 480,000","0-10,000 km",Toyota Vios 1.5 G (A)
161,2021,Automatic,"PHP 612,000","0-10,000 km",2021 Toyota vios 1.3 xle cvt Auto
162,2021,Automatic,"PHP 598,000","0-10,000 km",2021 Toyota Vios 1.3xle 8tkm very fresh must see Auto
163,2018,Manual,"PHP 490,000","10,001-20,000 km",Toyota Vios 1.5 E (M)
164,2008,Manual,"PHP 298,000","80,001-90,000 km",Toyota Vios 1.5 E (M)
165,2018,Automatic,"PHP 449,000","40,001-50,000 km",2018 Toyota Vios 1.3 E AT Automatic Gas Auto
166,2008,Manual,"PHP 260,000","150,001-160,000 km",Toyota Vios 1.5 G (M)
167,2018,Manual,"PHP 405,000","40,001-50,000 km",Toyota Vios 1.5 E (M)
168,2013,Automatic,"PHP 328,000","60,001-70,000 km",Toyota Vios 1.3g automatic Auto
169,2022,Automatic,"PHP 649,000","0-10,000 km",2022 Toyota vios 1.3 xle cvt Auto
170,2022,Automatic,"PHP 114,000","10,001-20,000 km",2022 Toyota Vios 1.3XLE Automatic All Colors Auto
171,2008,Manual,"PHP 320,000","60,001-70,000 km",Toyota Vios 1.5 E (M)
172,2022,Automatic,"PHP 699,000","0-10,000 km",2022 Toyota Vios 1.3 XLE CVT Auto
173,2017,Manual,"PHP 555,000","50,001-60,000 km",Toyota Vios 1.5 G (M)
174,2008,Manual,"PHP 228,000","100,001-120,000 km",Toyota Vios 1.5 J (M)
175,2017,Automatic,"PHP 380,000","120,001-130,000 km",Toyota Vios E variant Auto
176,2012,Manual,"PHP 270,000","120,001-130,000 km",Toyota Vios 1.3 E Manual
177,2021,Automatic,"PHP 678,000","10,001-20,000 km",üî•üî•SALE!!!üî•üî•2021 Toyota Vios E Cvt A/t 12k mileage Auto
178,2019,Automatic,"PHP 559,000","20,001-30,000 km",Toyota Vios 1.5 E (A)
179,2021,Automatic,"PHP 660,000","0-10,000 km",Toyota Vios XLE CVT Auto
180,2016,Manual,"PHP 330,000","150,001-160,000 km",Toyota Vios J 1.3 Manual
181,2018,Automatic,"PHP 518,000","40,001-50,000 km",Toyota Vios 1.3 E Auto
182,2013,Automatic,"PHP 335,000","30,001-40,000 km",Toyota Vios 1.5 G (A)
183,2015,Manual,"PHP 365,000","30,001-40,000 km",Toyota Vios 1.3 E Manual
184,2021,Automatic,"PHP 568,000","0-10,000 km",2021 Toyota Vios 1.3 CVT Automatic Green SE Auto
185,2018,Manual,"PHP 488,000","20,001-30,000 km",Toyota Vios 1.3 J Manual
186,2017,Manual,"PHP 449,000","40,001-50,000 km",Toyota Vios 1.3 E VVTI Manual
187,2016,Manual,"PHP 400,000","130,001-140,000 km",Toyota Vios Toyota Vios 1.3 MT Manual
188,2016,Manual,"PHP 365,000","170,001-180,000 km",Toyota Vios 1.5 E (M)
189,2017,Manual,"PHP 440,000","70,001-80,000 km",Toyota Vios 1.5 E (M)
190,2022,Automatic,"PHP 658,000","0-10,000 km",Toyota Vios 1.3 XLE CVT Auto
191,2007,Manual,"PHP 123,456,789","0-10,000 km",Toyota Vios 1.5 E Classic (A)
